months,variable,rating,player
110,standard,1756,"Firouzja, Alireza"
111,standard,1756,"Firouzja, Alireza"
112,standard,1750,"Firouzja, Alireza"
113,standard,1750,"Firouzja, Alireza"
114,standard,1750,"Firouzja, Alireza"
115,standard,1750,"Firouzja, Alireza"
116,standard,1734,"Firouzja, Alireza"
117,standard,1734,"Firouzja, Alireza"
118,standard,1884,"Firouzja, Alireza"
119,standard,1924,"Firouzja, Alireza"
120,standard,1911,"Firouzja, Alireza"
121,standard,1913,"Firouzja, Alireza"
122,standard,1913,"Firouzja, Alireza"
123,standard,1948,"Firouzja, Alireza"
124,standard,1946,"Firouzja, Alireza"
125,standard,1946,"Firouzja, Alireza"
126,standard,1954,"Firouzja, Alireza"
127,standard,1954,"Firouzja, Alireza"
128,standard,1954,"Firouzja, Alireza"
129,standard,2045,"Firouzja, Alireza"
130,standard,2079,"Firouzja, Alireza"
131,standard,2079,"Firouzja, Alireza"
132,standard,2079,"Firouzja, Alireza"
133,standard,2107,"Firouzja, Alireza"
134,standard,2188,"Firouzja, Alireza"
135,standard,2238,"Firouzja, Alireza"
136,standard,2332,"Firouzja, Alireza"
137,standard,2332,"Firouzja, Alireza"
138,standard,2291,"Firouzja, Alireza"
139,standard,2305,"Firouzja, Alireza"
140,standard,2312,"Firouzja, Alireza"
141,standard,2278,"Firouzja, Alireza"
142,standard,2277,"Firouzja, Alireza"
143,standard,2277,"Firouzja, Alireza"
144,standard,2277,"Firouzja, Alireza"
145,standard,2309,"Firouzja, Alireza"
146,standard,2323,"Firouzja, Alireza"
147,standard,2364,"Firouzja, Alireza"
148,standard,2386,"Firouzja, Alireza"
149,standard,2372,"Firouzja, Alireza"
150,standard,2455,"Firouzja, Alireza"
151,standard,2475,"Firouzja, Alireza"
152,standard,2475,"Firouzja, Alireza"
153,standard,2468,"Firouzja, Alireza"
154,standard,2485,"Firouzja, Alireza"
155,standard,2485,"Firouzja, Alireza"
156,standard,2481,"Firouzja, Alireza"
157,standard,2464,"Firouzja, Alireza"
158,standard,2463,"Firouzja, Alireza"
159,standard,2469,"Firouzja, Alireza"
160,standard,2474,"Firouzja, Alireza"
161,standard,2456,"Firouzja, Alireza"
162,standard,2456,"Firouzja, Alireza"
163,standard,2465,"Firouzja, Alireza"
164,standard,2470,"Firouzja, Alireza"
165,standard,2492,"Firouzja, Alireza"
166,standard,2487,"Firouzja, Alireza"
167,standard,2499,"Firouzja, Alireza"
168,standard,2499,"Firouzja, Alireza"
169,standard,2517,"Firouzja, Alireza"
170,standard,2527,"Firouzja, Alireza"
171,standard,2525,"Firouzja, Alireza"
172,standard,2521,"Firouzja, Alireza"
173,standard,2509,"Firouzja, Alireza"
174,standard,2549,"Firouzja, Alireza"
175,standard,2549,"Firouzja, Alireza"
176,standard,2558,"Firouzja, Alireza"
177,standard,2572,"Firouzja, Alireza"
178,standard,2570,"Firouzja, Alireza"
179,standard,2561,"Firouzja, Alireza"
180,standard,2561,"Firouzja, Alireza"
181,standard,2561,"Firouzja, Alireza"
182,standard,2582,"Firouzja, Alireza"
183,standard,2600,"Firouzja, Alireza"
184,standard,2607,"Firouzja, Alireza"
185,standard,2607,"Firouzja, Alireza"
186,standard,2618,"Firouzja, Alireza"
187,standard,2618,"Firouzja, Alireza"
188,standard,2657,"Firouzja, Alireza"
189,standard,2669,"Firouzja, Alireza"
190,standard,2682,"Firouzja, Alireza"
191,standard,2682,"Firouzja, Alireza"
192,standard,2685,"Firouzja, Alireza"
193,standard,2702,"Firouzja, Alireza"
194,standard,2702,"Firouzja, Alireza"
195,standard,2702,"Firouzja, Alireza"
196,standard,2720,"Firouzja, Alireza"
197,standard,2723,"Firouzja, Alireza"
198,standard,2723,"Firouzja, Alireza"
199,standard,2726,"Firouzja, Alireza"
200,standard,2728,"Firouzja, Alireza"
201,standard,2728,"Firouzja, Alireza"
202,standard,2728,"Firouzja, Alireza"
203,standard,2728,"Firouzja, Alireza"
204,standard,2728,"Firouzja, Alireza"
205,standard,2728,"Firouzja, Alireza"
206,standard,2728,"Firouzja, Alireza"
207,standard,2728,"Firouzja, Alireza"
208,standard,2749,"Firouzja, Alireza"
209,standard,2749,"Firouzja, Alireza"
210,standard,2749,"Firouzja, Alireza"
211,standard,2749,"Firouzja, Alireza"
212,standard,2759,"Firouzja, Alireza"
213,standard,2759,"Firouzja, Alireza"
214,standard,2759,"Firouzja, Alireza"
215,standard,2759,"Firouzja, Alireza"
216,standard,2759,"Firouzja, Alireza"
217,standard,2759,"Firouzja, Alireza"
218,standard,2754,"Firouzja, Alireza"
219,standard,2770,"Firouzja, Alireza"
220,standard,2770,"Firouzja, Alireza"
221,standard,2804,"Firouzja, Alireza"
222,standard,2804,"Firouzja, Alireza"
223,standard,2804,"Firouzja, Alireza"
224,standard,2804,"Firouzja, Alireza"
225,standard,2804,"Firouzja, Alireza"
226,standard,2804,"Firouzja, Alireza"
227,standard,2793,"Firouzja, Alireza"
228,standard,2793,"Firouzja, Alireza"
229,standard,2778,"Firouzja, Alireza"
230,standard,2778,"Firouzja, Alireza"
231,standard,2785,"Firouzja, Alireza"
86,standard,1291,Gukesh D
87,standard,1291,Gukesh D
88,standard,1305,Gukesh D
89,standard,1303,Gukesh D
90,standard,1303,Gukesh D
91,standard,1297,Gukesh D
92,standard,1256,Gukesh D
93,standard,1253,Gukesh D
94,standard,1253,Gukesh D
95,standard,1278,Gukesh D
96,standard,1278,Gukesh D
97,standard,1280,Gukesh D
98,standard,1475,Gukesh D
99,standard,1661,Gukesh D
100,standard,1616,Gukesh D
101,standard,1616,Gukesh D
102,standard,1600,Gukesh D
103,standard,1600,Gukesh D
104,standard,1701,Gukesh D
105,standard,1735,Gukesh D
106,standard,1752,Gukesh D
107,standard,1772,Gukesh D
108,standard,1801,Gukesh D
109,standard,1764,Gukesh D
110,standard,1765,Gukesh D
111,standard,1801,Gukesh D
112,standard,1869,Gukesh D
113,standard,1949,Gukesh D
114,standard,2041,Gukesh D
115,standard,2041,Gukesh D
116,standard,2062,Gukesh D
117,standard,2095,Gukesh D
118,standard,2095,Gukesh D
119,standard,2061,Gukesh D
120,standard,2056,Gukesh D
121,standard,2092,Gukesh D
122,standard,1974,Gukesh D
123,standard,2032,Gukesh D
124,standard,2175,Gukesh D
125,standard,2252,Gukesh D
126,standard,2236,Gukesh D
127,standard,2236,Gukesh D
128,standard,2184,Gukesh D
129,standard,2260,Gukesh D
130,standard,2260,Gukesh D
131,standard,2283,Gukesh D
132,standard,2332,Gukesh D
133,standard,2365,Gukesh D
134,standard,2365,Gukesh D
135,standard,2335,Gukesh D
136,standard,2323,Gukesh D
137,standard,2362,Gukesh D
138,standard,2362,Gukesh D
139,standard,2354,Gukesh D
140,standard,2320,Gukesh D
141,standard,2360,Gukesh D
142,standard,2401,Gukesh D
143,standard,2426,Gukesh D
144,standard,2431,Gukesh D
145,standard,2433,Gukesh D
146,standard,2440,Gukesh D
147,standard,2453,Gukesh D
148,standard,2456,Gukesh D
149,standard,2457,Gukesh D
150,standard,2466,Gukesh D
151,standard,2497,Gukesh D
152,standard,2508,Gukesh D
153,standard,2529,Gukesh D
154,standard,2536,Gukesh D
155,standard,2533,Gukesh D
156,standard,2543,Gukesh D
157,standard,2520,Gukesh D
158,standard,2528,Gukesh D
159,standard,2535,Gukesh D
160,standard,2520,Gukesh D
161,standard,2544,Gukesh D
162,standard,2547,Gukesh D
163,standard,2542,Gukesh D
164,standard,2542,Gukesh D
165,standard,2563,Gukesh D
166,standard,2563,Gukesh D
167,standard,2563,Gukesh D
168,standard,2563,Gukesh D
169,standard,2563,Gukesh D
170,standard,2563,Gukesh D
171,standard,2563,Gukesh D
172,standard,2563,Gukesh D
173,standard,2563,Gukesh D
174,standard,2563,Gukesh D
175,standard,2563,Gukesh D
176,standard,2563,Gukesh D
177,standard,2563,Gukesh D
178,standard,2578,Gukesh D
179,standard,2578,Gukesh D
180,standard,2578,Gukesh D
181,standard,2578,Gukesh D
182,standard,2578,Gukesh D
183,standard,2599,Gukesh D
184,standard,2640,Gukesh D
185,standard,2621,Gukesh D
186,standard,2614,Gukesh D
187,standard,2614,Gukesh D
188,standard,2614,Gukesh D
189,standard,2614,Gukesh D
190,standard,2637,Gukesh D
191,standard,2659,Gukesh D
192,standard,2675,Gukesh D
193,standard,2684,Gukesh D
194,standard,2699,Gukesh D
195,standard,2726,Gukesh D
196,standard,2732,Gukesh D
96,standard,1584,Erigaisi Arjun
97,standard,1584,Erigaisi Arjun
98,standard,1571,Erigaisi Arjun
99,standard,1557,Erigaisi Arjun
100,standard,1528,Erigaisi Arjun
101,standard,1548,Erigaisi Arjun
102,standard,1548,Erigaisi Arjun
103,standard,1650,Erigaisi Arjun
104,standard,1669,Erigaisi Arjun
105,standard,1684,Erigaisi Arjun
106,standard,1731,Erigaisi Arjun
107,standard,1734,Erigaisi Arjun
108,standard,1739,Erigaisi Arjun
109,standard,1739,Erigaisi Arjun
110,standard,1740,Erigaisi Arjun
111,standard,1740,Erigaisi Arjun
112,standard,1753,Erigaisi Arjun
113,standard,1780,Erigaisi Arjun
114,standard,1792,Erigaisi Arjun
115,standard,1792,Erigaisi Arjun
116,standard,1811,Erigaisi Arjun
117,standard,1818,Erigaisi Arjun
118,standard,1839,Erigaisi Arjun
119,standard,1814,Erigaisi Arjun
120,standard,1814,Erigaisi Arjun
121,standard,1803,Erigaisi Arjun
122,standard,1785,Erigaisi Arjun
123,standard,1814,Erigaisi Arjun
124,standard,1814,Erigaisi Arjun
125,standard,1814,Erigaisi Arjun
126,standard,1857,Erigaisi Arjun
127,standard,1907,Erigaisi Arjun
128,standard,1914,Erigaisi Arjun
129,standard,1968,Erigaisi Arjun
130,standard,1968,Erigaisi Arjun
131,standard,2024,Erigaisi Arjun
132,standard,2080,Erigaisi Arjun
133,standard,2080,Erigaisi Arjun
134,standard,2120,Erigaisi Arjun
135,standard,2120,Erigaisi Arjun
136,standard,2120,Erigaisi Arjun
137,standard,2146,Erigaisi Arjun
138,standard,2132,Erigaisi Arjun
139,standard,2167,Erigaisi Arjun
140,standard,2127,Erigaisi Arjun
141,standard,2173,Erigaisi Arjun
142,standard,2173,Erigaisi Arjun
143,standard,2238,Erigaisi Arjun
144,standard,2379,Erigaisi Arjun
145,standard,2379,Erigaisi Arjun
146,standard,2350,Erigaisi Arjun
147,standard,2351,Erigaisi Arjun
148,standard,2351,Erigaisi Arjun
149,standard,2337,Erigaisi Arjun
150,standard,2337,Erigaisi Arjun
151,standard,2307,Erigaisi Arjun
152,standard,2307,Erigaisi Arjun
153,standard,2300,Erigaisi Arjun
154,standard,2309,Erigaisi Arjun
155,standard,2270,Erigaisi Arjun
156,standard,2300,Erigaisi Arjun
157,standard,2300,Erigaisi Arjun
158,standard,2300,Erigaisi Arjun
159,standard,2338,Erigaisi Arjun
160,standard,2338,Erigaisi Arjun
161,standard,2324,Erigaisi Arjun
162,standard,2342,Erigaisi Arjun
163,standard,2328,Erigaisi Arjun
164,standard,2354,Erigaisi Arjun
165,standard,2365,Erigaisi Arjun
166,standard,2359,Erigaisi Arjun
167,standard,2386,Erigaisi Arjun
168,standard,2458,Erigaisi Arjun
169,standard,2458,Erigaisi Arjun
170,standard,2481,Erigaisi Arjun
171,standard,2488,Erigaisi Arjun
172,standard,2505,Erigaisi Arjun
173,standard,2499,Erigaisi Arjun
174,standard,2517,Erigaisi Arjun
175,standard,2531,Erigaisi Arjun
176,standard,2531,Erigaisi Arjun
177,standard,2531,Erigaisi Arjun
178,standard,2531,Erigaisi Arjun
179,standard,2548,Erigaisi Arjun
180,standard,2526,Erigaisi Arjun
181,standard,2526,Erigaisi Arjun
182,standard,2526,Erigaisi Arjun
183,standard,2526,Erigaisi Arjun
184,standard,2526,Erigaisi Arjun
185,standard,2531,Erigaisi Arjun
186,standard,2535,Erigaisi Arjun
187,standard,2544,Erigaisi Arjun
188,standard,2544,Erigaisi Arjun
189,standard,2544,Erigaisi Arjun
190,standard,2544,Erigaisi Arjun
191,standard,2575,Erigaisi Arjun
192,standard,2563,Erigaisi Arjun
193,standard,2559,Erigaisi Arjun
194,standard,2559,Erigaisi Arjun
195,standard,2559,Erigaisi Arjun
196,standard,2559,Erigaisi Arjun
197,standard,2559,Erigaisi Arjun
198,standard,2559,Erigaisi Arjun
199,standard,2559,Erigaisi Arjun
200,standard,2559,Erigaisi Arjun
201,standard,2559,Erigaisi Arjun
202,standard,2559,Erigaisi Arjun
203,standard,2559,Erigaisi Arjun
204,standard,2559,Erigaisi Arjun
205,standard,2559,Erigaisi Arjun
206,standard,2567,Erigaisi Arjun
207,standard,2567,Erigaisi Arjun
208,standard,2567,Erigaisi Arjun
209,standard,2567,Erigaisi Arjun
210,standard,2597,Erigaisi Arjun
211,standard,2626,Erigaisi Arjun
212,standard,2634,Erigaisi Arjun
213,standard,2627,Erigaisi Arjun
214,standard,2629,Erigaisi Arjun
215,standard,2632,Erigaisi Arjun
216,standard,2633,Erigaisi Arjun
217,standard,2660,Erigaisi Arjun
218,standard,2675,Erigaisi Arjun
219,standard,2675,Erigaisi Arjun
220,standard,2681,Erigaisi Arjun
221,standard,2689,Erigaisi Arjun
222,standard,2689,Erigaisi Arjun
223,standard,2725,Erigaisi Arjun
224,standard,2728,Erigaisi Arjun
83,standard,1930,"Abdusattorov, Nodirbek"
84,standard,1930,"Abdusattorov, Nodirbek"
85,standard,1907,"Abdusattorov, Nodirbek"
86,standard,1907,"Abdusattorov, Nodirbek"
87,standard,1937,"Abdusattorov, Nodirbek"
88,standard,1937,"Abdusattorov, Nodirbek"
89,standard,1937,"Abdusattorov, Nodirbek"
90,standard,1949,"Abdusattorov, Nodirbek"
91,standard,1949,"Abdusattorov, Nodirbek"
92,standard,1949,"Abdusattorov, Nodirbek"
93,standard,1950,"Abdusattorov, Nodirbek"
94,standard,1915,"Abdusattorov, Nodirbek"
95,standard,1915,"Abdusattorov, Nodirbek"
96,standard,1915,"Abdusattorov, Nodirbek"
97,standard,1915,"Abdusattorov, Nodirbek"
98,standard,1935,"Abdusattorov, Nodirbek"
99,standard,1935,"Abdusattorov, Nodirbek"
100,standard,1935,"Abdusattorov, Nodirbek"
101,standard,1935,"Abdusattorov, Nodirbek"
102,standard,1967,"Abdusattorov, Nodirbek"
103,standard,1967,"Abdusattorov, Nodirbek"
104,standard,1967,"Abdusattorov, Nodirbek"
105,standard,1967,"Abdusattorov, Nodirbek"
106,standard,1954,"Abdusattorov, Nodirbek"
107,standard,1954,"Abdusattorov, Nodirbek"
108,standard,2024,"Abdusattorov, Nodirbek"
109,standard,2057,"Abdusattorov, Nodirbek"
110,standard,2057,"Abdusattorov, Nodirbek"
111,standard,2108,"Abdusattorov, Nodirbek"
112,standard,2128,"Abdusattorov, Nodirbek"
113,standard,2128,"Abdusattorov, Nodirbek"
114,standard,2128,"Abdusattorov, Nodirbek"
115,standard,2179,"Abdusattorov, Nodirbek"
116,standard,2186,"Abdusattorov, Nodirbek"
117,standard,2186,"Abdusattorov, Nodirbek"
118,standard,2193,"Abdusattorov, Nodirbek"
119,standard,2193,"Abdusattorov, Nodirbek"
120,standard,2263,"Abdusattorov, Nodirbek"
121,standard,2465,"Abdusattorov, Nodirbek"
122,standard,2465,"Abdusattorov, Nodirbek"
123,standard,2443,"Abdusattorov, Nodirbek"
124,standard,2432,"Abdusattorov, Nodirbek"
125,standard,2432,"Abdusattorov, Nodirbek"
126,standard,2432,"Abdusattorov, Nodirbek"
127,standard,2432,"Abdusattorov, Nodirbek"
128,standard,2436,"Abdusattorov, Nodirbek"
129,standard,2429,"Abdusattorov, Nodirbek"
130,standard,2430,"Abdusattorov, Nodirbek"
131,standard,2430,"Abdusattorov, Nodirbek"
132,standard,2391,"Abdusattorov, Nodirbek"
133,standard,2391,"Abdusattorov, Nodirbek"
134,standard,2382,"Abdusattorov, Nodirbek"
135,standard,2382,"Abdusattorov, Nodirbek"
136,standard,2375,"Abdusattorov, Nodirbek"
137,standard,2375,"Abdusattorov, Nodirbek"
138,standard,2375,"Abdusattorov, Nodirbek"
139,standard,2395,"Abdusattorov, Nodirbek"
140,standard,2428,"Abdusattorov, Nodirbek"
141,standard,2428,"Abdusattorov, Nodirbek"
142,standard,2429,"Abdusattorov, Nodirbek"
143,standard,2429,"Abdusattorov, Nodirbek"
144,standard,2429,"Abdusattorov, Nodirbek"
145,standard,2437,"Abdusattorov, Nodirbek"
146,standard,2453,"Abdusattorov, Nodirbek"
147,standard,2462,"Abdusattorov, Nodirbek"
148,standard,2467,"Abdusattorov, Nodirbek"
149,standard,2470,"Abdusattorov, Nodirbek"
150,standard,2486,"Abdusattorov, Nodirbek"
151,standard,2498,"Abdusattorov, Nodirbek"
152,standard,2498,"Abdusattorov, Nodirbek"
153,standard,2516,"Abdusattorov, Nodirbek"
154,standard,2516,"Abdusattorov, Nodirbek"
155,standard,2516,"Abdusattorov, Nodirbek"
156,standard,2518,"Abdusattorov, Nodirbek"
157,standard,2540,"Abdusattorov, Nodirbek"
158,standard,2550,"Abdusattorov, Nodirbek"
159,standard,2534,"Abdusattorov, Nodirbek"
160,standard,2534,"Abdusattorov, Nodirbek"
161,standard,2539,"Abdusattorov, Nodirbek"
162,standard,2558,"Abdusattorov, Nodirbek"
163,standard,2558,"Abdusattorov, Nodirbek"
164,standard,2560,"Abdusattorov, Nodirbek"
165,standard,2546,"Abdusattorov, Nodirbek"
166,standard,2560,"Abdusattorov, Nodirbek"
167,standard,2560,"Abdusattorov, Nodirbek"
168,standard,2560,"Abdusattorov, Nodirbek"
169,standard,2578,"Abdusattorov, Nodirbek"
170,standard,2597,"Abdusattorov, Nodirbek"
171,standard,2598,"Abdusattorov, Nodirbek"
172,standard,2598,"Abdusattorov, Nodirbek"
173,standard,2594,"Abdusattorov, Nodirbek"
174,standard,2608,"Abdusattorov, Nodirbek"
175,standard,2608,"Abdusattorov, Nodirbek"
176,standard,2633,"Abdusattorov, Nodirbek"
177,standard,2635,"Abdusattorov, Nodirbek"
178,standard,2635,"Abdusattorov, Nodirbek"
179,standard,2644,"Abdusattorov, Nodirbek"
180,standard,2627,"Abdusattorov, Nodirbek"
181,standard,2627,"Abdusattorov, Nodirbek"
182,standard,2627,"Abdusattorov, Nodirbek"
183,standard,2627,"Abdusattorov, Nodirbek"
184,standard,2627,"Abdusattorov, Nodirbek"
185,standard,2627,"Abdusattorov, Nodirbek"
186,standard,2627,"Abdusattorov, Nodirbek"
187,standard,2627,"Abdusattorov, Nodirbek"
188,standard,2627,"Abdusattorov, Nodirbek"
189,standard,2627,"Abdusattorov, Nodirbek"
190,standard,2627,"Abdusattorov, Nodirbek"
191,standard,2627,"Abdusattorov, Nodirbek"
192,standard,2627,"Abdusattorov, Nodirbek"
193,standard,2627,"Abdusattorov, Nodirbek"
194,standard,2627,"Abdusattorov, Nodirbek"
195,standard,2634,"Abdusattorov, Nodirbek"
196,standard,2634,"Abdusattorov, Nodirbek"
197,standard,2634,"Abdusattorov, Nodirbek"
198,standard,2648,"Abdusattorov, Nodirbek"
199,standard,2646,"Abdusattorov, Nodirbek"
200,standard,2646,"Abdusattorov, Nodirbek"
201,standard,2633,"Abdusattorov, Nodirbek"
202,standard,2641,"Abdusattorov, Nodirbek"
203,standard,2651,"Abdusattorov, Nodirbek"
204,standard,2651,"Abdusattorov, Nodirbek"
205,standard,2661,"Abdusattorov, Nodirbek"
206,standard,2661,"Abdusattorov, Nodirbek"
207,standard,2661,"Abdusattorov, Nodirbek"
208,standard,2688,"Abdusattorov, Nodirbek"
209,standard,2677,"Abdusattorov, Nodirbek"
210,standard,2713,"Abdusattorov, Nodirbek"
211,standard,2713,"Abdusattorov, Nodirbek"
84,standard,1721,"Keymer, Vincent"
85,standard,1721,"Keymer, Vincent"
86,standard,1721,"Keymer, Vincent"
87,standard,1721,"Keymer, Vincent"
88,standard,1721,"Keymer, Vincent"
89,standard,1721,"Keymer, Vincent"
90,standard,1721,"Keymer, Vincent"
91,standard,1721,"Keymer, Vincent"
92,standard,1720,"Keymer, Vincent"
93,standard,1793,"Keymer, Vincent"
94,standard,1793,"Keymer, Vincent"
95,standard,1793,"Keymer, Vincent"
96,standard,1789,"Keymer, Vincent"
97,standard,1789,"Keymer, Vincent"
98,standard,1861,"Keymer, Vincent"
99,standard,1861,"Keymer, Vincent"
100,standard,1861,"Keymer, Vincent"
101,standard,1911,"Keymer, Vincent"
102,standard,1933,"Keymer, Vincent"
103,standard,1933,"Keymer, Vincent"
104,standard,1955,"Keymer, Vincent"
105,standard,1955,"Keymer, Vincent"
106,standard,1955,"Keymer, Vincent"
107,standard,1970,"Keymer, Vincent"
108,standard,1970,"Keymer, Vincent"
109,standard,2014,"Keymer, Vincent"
110,standard,2014,"Keymer, Vincent"
111,standard,2036,"Keymer, Vincent"
112,standard,2036,"Keymer, Vincent"
113,standard,2036,"Keymer, Vincent"
114,standard,2092,"Keymer, Vincent"
115,standard,2116,"Keymer, Vincent"
116,standard,2116,"Keymer, Vincent"
117,standard,2116,"Keymer, Vincent"
118,standard,2176,"Keymer, Vincent"
119,standard,2214,"Keymer, Vincent"
120,standard,2365,"Keymer, Vincent"
121,standard,2365,"Keymer, Vincent"
122,standard,2338,"Keymer, Vincent"
123,standard,2338,"Keymer, Vincent"
124,standard,2352,"Keymer, Vincent"
125,standard,2352,"Keymer, Vincent"
126,standard,2356,"Keymer, Vincent"
127,standard,2347,"Keymer, Vincent"
128,standard,2342,"Keymer, Vincent"
129,standard,2324,"Keymer, Vincent"
130,standard,2353,"Keymer, Vincent"
131,standard,2368,"Keymer, Vincent"
132,standard,2350,"Keymer, Vincent"
133,standard,2352,"Keymer, Vincent"
134,standard,2294,"Keymer, Vincent"
135,standard,2341,"Keymer, Vincent"
136,standard,2341,"Keymer, Vincent"
137,standard,2348,"Keymer, Vincent"
138,standard,2402,"Keymer, Vincent"
139,standard,2402,"Keymer, Vincent"
140,standard,2419,"Keymer, Vincent"
141,standard,2415,"Keymer, Vincent"
142,standard,2428,"Keymer, Vincent"
143,standard,2420,"Keymer, Vincent"
144,standard,2401,"Keymer, Vincent"
145,standard,2400,"Keymer, Vincent"
146,standard,2409,"Keymer, Vincent"
147,standard,2411,"Keymer, Vincent"
148,standard,2411,"Keymer, Vincent"
149,standard,2432,"Keymer, Vincent"
150,standard,2419,"Keymer, Vincent"
151,standard,2413,"Keymer, Vincent"
152,standard,2405,"Keymer, Vincent"
153,standard,2405,"Keymer, Vincent"
154,standard,2408,"Keymer, Vincent"
155,standard,2418,"Keymer, Vincent"
156,standard,2403,"Keymer, Vincent"
157,standard,2403,"Keymer, Vincent"
158,standard,2443,"Keymer, Vincent"
159,standard,2466,"Keymer, Vincent"
160,standard,2466,"Keymer, Vincent"
161,standard,2493,"Keymer, Vincent"
162,standard,2493,"Keymer, Vincent"
163,standard,2491,"Keymer, Vincent"
164,standard,2502,"Keymer, Vincent"
165,standard,2508,"Keymer, Vincent"
166,standard,2500,"Keymer, Vincent"
167,standard,2505,"Keymer, Vincent"
168,standard,2509,"Keymer, Vincent"
169,standard,2516,"Keymer, Vincent"
170,standard,2521,"Keymer, Vincent"
171,standard,2522,"Keymer, Vincent"
172,standard,2513,"Keymer, Vincent"
173,standard,2513,"Keymer, Vincent"
174,standard,2506,"Keymer, Vincent"
175,standard,2506,"Keymer, Vincent"
176,standard,2518,"Keymer, Vincent"
177,standard,2520,"Keymer, Vincent"
178,standard,2527,"Keymer, Vincent"
179,standard,2557,"Keymer, Vincent"
180,standard,2558,"Keymer, Vincent"
181,standard,2558,"Keymer, Vincent"
182,standard,2558,"Keymer, Vincent"
183,standard,2558,"Keymer, Vincent"
184,standard,2558,"Keymer, Vincent"
185,standard,2568,"Keymer, Vincent"
186,standard,2568,"Keymer, Vincent"
187,standard,2588,"Keymer, Vincent"
188,standard,2588,"Keymer, Vincent"
189,standard,2591,"Keymer, Vincent"
190,standard,2591,"Keymer, Vincent"
191,standard,2591,"Keymer, Vincent"
192,standard,2591,"Keymer, Vincent"
193,standard,2591,"Keymer, Vincent"
194,standard,2591,"Keymer, Vincent"
195,standard,2591,"Keymer, Vincent"
196,standard,2591,"Keymer, Vincent"
197,standard,2602,"Keymer, Vincent"
198,standard,2607,"Keymer, Vincent"
199,standard,2630,"Keymer, Vincent"
200,standard,2639,"Keymer, Vincent"
201,standard,2664,"Keymer, Vincent"
202,standard,2664,"Keymer, Vincent"
203,standard,2664,"Keymer, Vincent"
204,standard,2655,"Keymer, Vincent"
205,standard,2654,"Keymer, Vincent"
206,standard,2667,"Keymer, Vincent"
207,standard,2675,"Keymer, Vincent"
208,standard,2686,"Keymer, Vincent"
209,standard,2672,"Keymer, Vincent"
210,standard,2693,"Keymer, Vincent"
211,standard,2700,"Keymer, Vincent"
124,standard,1982,"Niemann, Hans Moke"
125,standard,1982,"Niemann, Hans Moke"
126,standard,1973,"Niemann, Hans Moke"
127,standard,1987,"Niemann, Hans Moke"
128,standard,1987,"Niemann, Hans Moke"
129,standard,1991,"Niemann, Hans Moke"
130,standard,1991,"Niemann, Hans Moke"
131,standard,1995,"Niemann, Hans Moke"
132,standard,1985,"Niemann, Hans Moke"
133,standard,2000,"Niemann, Hans Moke"
134,standard,2000,"Niemann, Hans Moke"
135,standard,1867,"Niemann, Hans Moke"
136,standard,1867,"Niemann, Hans Moke"
137,standard,1894,"Niemann, Hans Moke"
138,standard,2192,"Niemann, Hans Moke"
139,standard,2280,"Niemann, Hans Moke"
140,standard,2238,"Niemann, Hans Moke"
141,standard,2170,"Niemann, Hans Moke"
142,standard,2166,"Niemann, Hans Moke"
143,standard,2176,"Niemann, Hans Moke"
144,standard,2197,"Niemann, Hans Moke"
145,standard,2142,"Niemann, Hans Moke"
146,standard,2114,"Niemann, Hans Moke"
147,standard,2046,"Niemann, Hans Moke"
148,standard,2046,"Niemann, Hans Moke"
149,standard,2154,"Niemann, Hans Moke"
150,standard,2278,"Niemann, Hans Moke"
151,standard,2320,"Niemann, Hans Moke"
152,standard,2325,"Niemann, Hans Moke"
153,standard,2342,"Niemann, Hans Moke"
154,standard,2298,"Niemann, Hans Moke"
155,standard,2298,"Niemann, Hans Moke"
156,standard,2269,"Niemann, Hans Moke"
157,standard,2298,"Niemann, Hans Moke"
158,standard,2288,"Niemann, Hans Moke"
159,standard,2288,"Niemann, Hans Moke"
160,standard,2273,"Niemann, Hans Moke"
161,standard,2277,"Niemann, Hans Moke"
162,standard,2281,"Niemann, Hans Moke"
163,standard,2281,"Niemann, Hans Moke"
164,standard,2281,"Niemann, Hans Moke"
165,standard,2281,"Niemann, Hans Moke"
166,standard,2282,"Niemann, Hans Moke"
167,standard,2282,"Niemann, Hans Moke"
168,standard,2293,"Niemann, Hans Moke"
169,standard,2254,"Niemann, Hans Moke"
170,standard,2255,"Niemann, Hans Moke"
171,standard,2273,"Niemann, Hans Moke"
172,standard,2273,"Niemann, Hans Moke"
173,standard,2297,"Niemann, Hans Moke"
174,standard,2348,"Niemann, Hans Moke"
175,standard,2314,"Niemann, Hans Moke"
176,standard,2302,"Niemann, Hans Moke"
177,standard,2302,"Niemann, Hans Moke"
178,standard,2313,"Niemann, Hans Moke"
179,standard,2313,"Niemann, Hans Moke"
180,standard,2313,"Niemann, Hans Moke"
181,standard,2329,"Niemann, Hans Moke"
182,standard,2418,"Niemann, Hans Moke"
183,standard,2439,"Niemann, Hans Moke"
184,standard,2439,"Niemann, Hans Moke"
185,standard,2449,"Niemann, Hans Moke"
186,standard,2466,"Niemann, Hans Moke"
187,standard,2466,"Niemann, Hans Moke"
188,standard,2477,"Niemann, Hans Moke"
189,standard,2477,"Niemann, Hans Moke"
190,standard,2460,"Niemann, Hans Moke"
191,standard,2460,"Niemann, Hans Moke"
192,standard,2467,"Niemann, Hans Moke"
193,standard,2423,"Niemann, Hans Moke"
194,standard,2439,"Niemann, Hans Moke"
195,standard,2439,"Niemann, Hans Moke"
196,standard,2436,"Niemann, Hans Moke"
197,standard,2471,"Niemann, Hans Moke"
198,standard,2465,"Niemann, Hans Moke"
199,standard,2459,"Niemann, Hans Moke"
200,standard,2459,"Niemann, Hans Moke"
201,standard,2465,"Niemann, Hans Moke"
202,standard,2465,"Niemann, Hans Moke"
203,standard,2465,"Niemann, Hans Moke"
204,standard,2465,"Niemann, Hans Moke"
205,standard,2465,"Niemann, Hans Moke"
206,standard,2465,"Niemann, Hans Moke"
207,standard,2465,"Niemann, Hans Moke"
208,standard,2472,"Niemann, Hans Moke"
209,standard,2478,"Niemann, Hans Moke"
210,standard,2484,"Niemann, Hans Moke"
211,standard,2525,"Niemann, Hans Moke"
212,standard,2526,"Niemann, Hans Moke"
213,standard,2508,"Niemann, Hans Moke"
214,standard,2546,"Niemann, Hans Moke"
215,standard,2567,"Niemann, Hans Moke"
216,standard,2571,"Niemann, Hans Moke"
217,standard,2606,"Niemann, Hans Moke"
218,standard,2609,"Niemann, Hans Moke"
219,standard,2638,"Niemann, Hans Moke"
220,standard,2635,"Niemann, Hans Moke"
221,standard,2645,"Niemann, Hans Moke"
222,standard,2645,"Niemann, Hans Moke"
223,standard,2642,"Niemann, Hans Moke"
224,standard,2642,"Niemann, Hans Moke"
225,standard,2637,"Niemann, Hans Moke"
226,standard,2656,"Niemann, Hans Moke"
227,standard,2678,"Niemann, Hans Moke"
228,standard,2688,"Niemann, Hans Moke"
229,standard,2687,"Niemann, Hans Moke"
230,standard,2688,"Niemann, Hans Moke"
231,standard,2699,"Niemann, Hans Moke"
73,standard,1346,Praggnanandhaa R
74,standard,1356,Praggnanandhaa R
75,standard,1340,Praggnanandhaa R
76,standard,1340,Praggnanandhaa R
77,standard,1378,Praggnanandhaa R
78,standard,1478,Praggnanandhaa R
79,standard,1478,Praggnanandhaa R
80,standard,1478,Praggnanandhaa R
81,standard,1478,Praggnanandhaa R
82,standard,1538,Praggnanandhaa R
83,standard,1536,Praggnanandhaa R
84,standard,1607,Praggnanandhaa R
85,standard,1761,Praggnanandhaa R
86,standard,1761,Praggnanandhaa R
87,standard,1777,Praggnanandhaa R
88,standard,1769,Praggnanandhaa R
89,standard,1807,Praggnanandhaa R
90,standard,1813,Praggnanandhaa R
91,standard,1819,Praggnanandhaa R
92,standard,1819,Praggnanandhaa R
93,standard,1825,Praggnanandhaa R
94,standard,1840,Praggnanandhaa R
95,standard,1852,Praggnanandhaa R
96,standard,1938,Praggnanandhaa R
97,standard,1974,Praggnanandhaa R
98,standard,1989,Praggnanandhaa R
99,standard,1989,Praggnanandhaa R
100,standard,1969,Praggnanandhaa R
101,standard,1979,Praggnanandhaa R
102,standard,1948,Praggnanandhaa R
103,standard,1948,Praggnanandhaa R
104,standard,1836,Praggnanandhaa R
105,standard,1946,Praggnanandhaa R
106,standard,2104,Praggnanandhaa R
107,standard,2104,Praggnanandhaa R
108,standard,2084,Praggnanandhaa R
109,standard,2203,Praggnanandhaa R
110,standard,2200,Praggnanandhaa R
111,standard,2220,Praggnanandhaa R
112,standard,2225,Praggnanandhaa R
113,standard,2103,Praggnanandhaa R
114,standard,2129,Praggnanandhaa R
115,standard,2104,Praggnanandhaa R
116,standard,2077,Praggnanandhaa R
117,standard,2077,Praggnanandhaa R
118,standard,2085,Praggnanandhaa R
119,standard,2177,Praggnanandhaa R
120,standard,2177,Praggnanandhaa R
121,standard,2301,Praggnanandhaa R
122,standard,2339,Praggnanandhaa R
123,standard,2376,Praggnanandhaa R
124,standard,2368,Praggnanandhaa R
125,standard,2368,Praggnanandhaa R
126,standard,2429,Praggnanandhaa R
127,standard,2429,Praggnanandhaa R
128,standard,2442,Praggnanandhaa R
129,standard,2442,Praggnanandhaa R
130,standard,2452,Praggnanandhaa R
131,standard,2452,Praggnanandhaa R
132,standard,2437,Praggnanandhaa R
133,standard,2455,Praggnanandhaa R
134,standard,2455,Praggnanandhaa R
135,standard,2447,Praggnanandhaa R
136,standard,2471,Praggnanandhaa R
137,standard,2467,Praggnanandhaa R
138,standard,2479,Praggnanandhaa R
139,standard,2487,Praggnanandhaa R
140,standard,2500,Praggnanandhaa R
141,standard,2503,Praggnanandhaa R
142,standard,2509,Praggnanandhaa R
143,standard,2517,Praggnanandhaa R
144,standard,2515,Praggnanandhaa R
145,standard,2507,Praggnanandhaa R
146,standard,2507,Praggnanandhaa R
147,standard,2520,Praggnanandhaa R
148,standard,2529,Praggnanandhaa R
149,standard,2529,Praggnanandhaa R
150,standard,2529,Praggnanandhaa R
151,standard,2532,Praggnanandhaa R
152,standard,2519,Praggnanandhaa R
153,standard,2519,Praggnanandhaa R
154,standard,2530,Praggnanandhaa R
155,standard,2530,Praggnanandhaa R
156,standard,2539,Praggnanandhaa R
157,standard,2532,Praggnanandhaa R
158,standard,2532,Praggnanandhaa R
159,standard,2537,Praggnanandhaa R
160,standard,2536,Praggnanandhaa R
161,standard,2537,Praggnanandhaa R
162,standard,2540,Praggnanandhaa R
163,standard,2569,Praggnanandhaa R
164,standard,2567,Praggnanandhaa R
165,standard,2567,Praggnanandhaa R
166,standard,2586,Praggnanandhaa R
167,standard,2586,Praggnanandhaa R
168,standard,2602,Praggnanandhaa R
169,standard,2602,Praggnanandhaa R
170,standard,2608,Praggnanandhaa R
171,standard,2608,Praggnanandhaa R
172,standard,2608,Praggnanandhaa R
173,standard,2608,Praggnanandhaa R
174,standard,2608,Praggnanandhaa R
175,standard,2608,Praggnanandhaa R
176,standard,2608,Praggnanandhaa R
177,standard,2608,Praggnanandhaa R
178,standard,2608,Praggnanandhaa R
179,standard,2608,Praggnanandhaa R
180,standard,2608,Praggnanandhaa R
181,standard,2608,Praggnanandhaa R
182,standard,2608,Praggnanandhaa R
183,standard,2608,Praggnanandhaa R
184,standard,2608,Praggnanandhaa R
185,standard,2608,Praggnanandhaa R
186,standard,2608,Praggnanandhaa R
187,standard,2608,Praggnanandhaa R
188,standard,2617,Praggnanandhaa R
189,standard,2618,Praggnanandhaa R
190,standard,2610,Praggnanandhaa R
191,standard,2612,Praggnanandhaa R
192,standard,2612,Praggnanandhaa R
193,standard,2612,Praggnanandhaa R
194,standard,2619,Praggnanandhaa R
195,standard,2624,Praggnanandhaa R
196,standard,2642,Praggnanandhaa R
197,standard,2642,Praggnanandhaa R
198,standard,2648,Praggnanandhaa R
199,standard,2661,Praggnanandhaa R
200,standard,2676,Praggnanandhaa R
201,standard,2687,Praggnanandhaa R
84,standard,1268,Nihal Sarin
85,standard,1299,Nihal Sarin
86,standard,1312,Nihal Sarin
87,standard,1312,Nihal Sarin
88,standard,1341,Nihal Sarin
89,standard,1341,Nihal Sarin
90,standard,1371,Nihal Sarin
91,standard,1371,Nihal Sarin
92,standard,1371,Nihal Sarin
93,standard,1371,Nihal Sarin
94,standard,1484,Nihal Sarin
95,standard,1484,Nihal Sarin
96,standard,1484,Nihal Sarin
97,standard,1580,Nihal Sarin
98,standard,1580,Nihal Sarin
99,standard,1580,Nihal Sarin
100,standard,1580,Nihal Sarin
101,standard,1663,Nihal Sarin
102,standard,1663,Nihal Sarin
103,standard,1663,Nihal Sarin
104,standard,1725,Nihal Sarin
105,standard,1729,Nihal Sarin
106,standard,1729,Nihal Sarin
107,standard,1744,Nihal Sarin
108,standard,1737,Nihal Sarin
109,standard,1737,Nihal Sarin
110,standard,1737,Nihal Sarin
111,standard,1737,Nihal Sarin
112,standard,1797,Nihal Sarin
113,standard,1787,Nihal Sarin
114,standard,1800,Nihal Sarin
115,standard,1800,Nihal Sarin
116,standard,2018,Nihal Sarin
117,standard,2076,Nihal Sarin
118,standard,2110,Nihal Sarin
119,standard,2110,Nihal Sarin
120,standard,2110,Nihal Sarin
121,standard,2038,Nihal Sarin
122,standard,2038,Nihal Sarin
123,standard,2038,Nihal Sarin
124,standard,2038,Nihal Sarin
125,standard,2096,Nihal Sarin
126,standard,2249,Nihal Sarin
127,standard,2260,Nihal Sarin
128,standard,2096,Nihal Sarin
129,standard,2096,Nihal Sarin
130,standard,2096,Nihal Sarin
131,standard,2217,Nihal Sarin
132,standard,2217,Nihal Sarin
133,standard,2259,Nihal Sarin
134,standard,2351,Nihal Sarin
135,standard,2351,Nihal Sarin
136,standard,2349,Nihal Sarin
137,standard,2364,Nihal Sarin
138,standard,2358,Nihal Sarin
139,standard,2358,Nihal Sarin
140,standard,2324,Nihal Sarin
141,standard,2324,Nihal Sarin
142,standard,2340,Nihal Sarin
143,standard,2340,Nihal Sarin
144,standard,2340,Nihal Sarin
145,standard,2386,Nihal Sarin
146,standard,2386,Nihal Sarin
147,standard,2424,Nihal Sarin
148,standard,2454,Nihal Sarin
149,standard,2454,Nihal Sarin
150,standard,2471,Nihal Sarin
151,standard,2485,Nihal Sarin
152,standard,2483,Nihal Sarin
153,standard,2483,Nihal Sarin
154,standard,2487,Nihal Sarin
155,standard,2507,Nihal Sarin
156,standard,2524,Nihal Sarin
157,standard,2532,Nihal Sarin
158,standard,2534,Nihal Sarin
159,standard,2551,Nihal Sarin
160,standard,2551,Nihal Sarin
161,standard,2551,Nihal Sarin
162,standard,2551,Nihal Sarin
163,standard,2556,Nihal Sarin
164,standard,2572,Nihal Sarin
165,standard,2572,Nihal Sarin
166,standard,2576,Nihal Sarin
167,standard,2576,Nihal Sarin
168,standard,2578,Nihal Sarin
169,standard,2578,Nihal Sarin
170,standard,2578,Nihal Sarin
171,standard,2589,Nihal Sarin
172,standard,2598,Nihal Sarin
173,standard,2606,Nihal Sarin
174,standard,2610,Nihal Sarin
175,standard,2610,Nihal Sarin
176,standard,2610,Nihal Sarin
177,standard,2610,Nihal Sarin
178,standard,2612,Nihal Sarin
179,standard,2612,Nihal Sarin
180,standard,2618,Nihal Sarin
181,standard,2620,Nihal Sarin
182,standard,2620,Nihal Sarin
183,standard,2620,Nihal Sarin
184,standard,2620,Nihal Sarin
185,standard,2620,Nihal Sarin
186,standard,2620,Nihal Sarin
187,standard,2620,Nihal Sarin
188,standard,2620,Nihal Sarin
189,standard,2620,Nihal Sarin
190,standard,2620,Nihal Sarin
191,standard,2620,Nihal Sarin
192,standard,2620,Nihal Sarin
193,standard,2620,Nihal Sarin
194,standard,2620,Nihal Sarin
195,standard,2620,Nihal Sarin
196,standard,2620,Nihal Sarin
197,standard,2620,Nihal Sarin
198,standard,2620,Nihal Sarin
199,standard,2655,Nihal Sarin
200,standard,2652,Nihal Sarin
201,standard,2652,Nihal Sarin
202,standard,2650,Nihal Sarin
203,standard,2662,Nihal Sarin
204,standard,2662,Nihal Sarin
205,standard,2656,Nihal Sarin
206,standard,2652,Nihal Sarin
207,standard,2648,Nihal Sarin
208,standard,2646,Nihal Sarin
209,standard,2654,Nihal Sarin
210,standard,2651,Nihal Sarin
211,standard,2651,Nihal Sarin
212,standard,2677,Nihal Sarin
213,standard,2673,Nihal Sarin
113,standard,2114,"Esipenko, Andrey"
114,standard,2114,"Esipenko, Andrey"
115,standard,2100,"Esipenko, Andrey"
116,standard,2100,"Esipenko, Andrey"
117,standard,2139,"Esipenko, Andrey"
118,standard,2139,"Esipenko, Andrey"
119,standard,2116,"Esipenko, Andrey"
120,standard,2120,"Esipenko, Andrey"
121,standard,2120,"Esipenko, Andrey"
122,standard,2120,"Esipenko, Andrey"
123,standard,2095,"Esipenko, Andrey"
124,standard,2144,"Esipenko, Andrey"
125,standard,2191,"Esipenko, Andrey"
126,standard,2191,"Esipenko, Andrey"
127,standard,2191,"Esipenko, Andrey"
128,standard,2191,"Esipenko, Andrey"
129,standard,2188,"Esipenko, Andrey"
130,standard,2203,"Esipenko, Andrey"
131,standard,2226,"Esipenko, Andrey"
132,standard,2252,"Esipenko, Andrey"
133,standard,2248,"Esipenko, Andrey"
134,standard,2254,"Esipenko, Andrey"
135,standard,2287,"Esipenko, Andrey"
136,standard,2289,"Esipenko, Andrey"
137,standard,2289,"Esipenko, Andrey"
138,standard,2288,"Esipenko, Andrey"
139,standard,2316,"Esipenko, Andrey"
140,standard,2316,"Esipenko, Andrey"
141,standard,2282,"Esipenko, Andrey"
142,standard,2286,"Esipenko, Andrey"
143,standard,2311,"Esipenko, Andrey"
144,standard,2315,"Esipenko, Andrey"
145,standard,2286,"Esipenko, Andrey"
146,standard,2273,"Esipenko, Andrey"
147,standard,2271,"Esipenko, Andrey"
148,standard,2271,"Esipenko, Andrey"
149,standard,2306,"Esipenko, Andrey"
150,standard,2350,"Esipenko, Andrey"
151,standard,2350,"Esipenko, Andrey"
152,standard,2350,"Esipenko, Andrey"
153,standard,2355,"Esipenko, Andrey"
154,standard,2403,"Esipenko, Andrey"
155,standard,2403,"Esipenko, Andrey"
156,standard,2384,"Esipenko, Andrey"
157,standard,2384,"Esipenko, Andrey"
158,standard,2395,"Esipenko, Andrey"
159,standard,2412,"Esipenko, Andrey"
160,standard,2412,"Esipenko, Andrey"
161,standard,2429,"Esipenko, Andrey"
162,standard,2445,"Esipenko, Andrey"
163,standard,2463,"Esipenko, Andrey"
164,standard,2471,"Esipenko, Andrey"
165,standard,2471,"Esipenko, Andrey"
166,standard,2477,"Esipenko, Andrey"
167,standard,2490,"Esipenko, Andrey"
168,standard,2490,"Esipenko, Andrey"
169,standard,2490,"Esipenko, Andrey"
170,standard,2483,"Esipenko, Andrey"
171,standard,2492,"Esipenko, Andrey"
172,standard,2497,"Esipenko, Andrey"
173,standard,2502,"Esipenko, Andrey"
174,standard,2502,"Esipenko, Andrey"
175,standard,2492,"Esipenko, Andrey"
176,standard,2509,"Esipenko, Andrey"
177,standard,2504,"Esipenko, Andrey"
178,standard,2523,"Esipenko, Andrey"
179,standard,2540,"Esipenko, Andrey"
180,standard,2540,"Esipenko, Andrey"
181,standard,2551,"Esipenko, Andrey"
182,standard,2551,"Esipenko, Andrey"
183,standard,2564,"Esipenko, Andrey"
184,standard,2571,"Esipenko, Andrey"
185,standard,2571,"Esipenko, Andrey"
186,standard,2581,"Esipenko, Andrey"
187,standard,2587,"Esipenko, Andrey"
188,standard,2587,"Esipenko, Andrey"
189,standard,2599,"Esipenko, Andrey"
190,standard,2597,"Esipenko, Andrey"
191,standard,2589,"Esipenko, Andrey"
192,standard,2593,"Esipenko, Andrey"
193,standard,2609,"Esipenko, Andrey"
194,standard,2609,"Esipenko, Andrey"
195,standard,2593,"Esipenko, Andrey"
196,standard,2584,"Esipenko, Andrey"
197,standard,2603,"Esipenko, Andrey"
198,standard,2603,"Esipenko, Andrey"
199,standard,2616,"Esipenko, Andrey"
200,standard,2620,"Esipenko, Andrey"
201,standard,2611,"Esipenko, Andrey"
202,standard,2621,"Esipenko, Andrey"
203,standard,2625,"Esipenko, Andrey"
204,standard,2624,"Esipenko, Andrey"
205,standard,2624,"Esipenko, Andrey"
206,standard,2636,"Esipenko, Andrey"
207,standard,2642,"Esipenko, Andrey"
208,standard,2654,"Esipenko, Andrey"
209,standard,2654,"Esipenko, Andrey"
210,standard,2672,"Esipenko, Andrey"
211,standard,2682,"Esipenko, Andrey"
212,standard,2682,"Esipenko, Andrey"
213,standard,2682,"Esipenko, Andrey"
214,standard,2682,"Esipenko, Andrey"
215,standard,2682,"Esipenko, Andrey"
216,standard,2682,"Esipenko, Andrey"
217,standard,2682,"Esipenko, Andrey"
218,standard,2683,"Esipenko, Andrey"
219,standard,2686,"Esipenko, Andrey"
220,standard,2677,"Esipenko, Andrey"
221,standard,2677,"Esipenko, Andrey"
222,standard,2701,"Esipenko, Andrey"
223,standard,2701,"Esipenko, Andrey"
224,standard,2701,"Esipenko, Andrey"
225,standard,2716,"Esipenko, Andrey"
226,standard,2716,"Esipenko, Andrey"
227,standard,2716,"Esipenko, Andrey"
228,standard,2720,"Esipenko, Andrey"
229,standard,2720,"Esipenko, Andrey"
230,standard,2713,"Esipenko, Andrey"
231,standard,2714,"Esipenko, Andrey"
232,standard,2714,"Esipenko, Andrey"
233,standard,2714,"Esipenko, Andrey"
234,standard,2723,"Esipenko, Andrey"
235,standard,2723,"Esipenko, Andrey"
236,standard,2709,"Esipenko, Andrey"
237,standard,2705,"Esipenko, Andrey"
238,standard,2682,"Esipenko, Andrey"
239,standard,2692,"Esipenko, Andrey"
240,standard,2678,"Esipenko, Andrey"
241,standard,2668,"Esipenko, Andrey"
111,standard,1909,"Yakubboev, Nodirbek"
112,standard,1895,"Yakubboev, Nodirbek"
113,standard,1852,"Yakubboev, Nodirbek"
114,standard,1852,"Yakubboev, Nodirbek"
115,standard,1852,"Yakubboev, Nodirbek"
116,standard,1896,"Yakubboev, Nodirbek"
117,standard,1909,"Yakubboev, Nodirbek"
118,standard,1965,"Yakubboev, Nodirbek"
119,standard,1965,"Yakubboev, Nodirbek"
120,standard,1996,"Yakubboev, Nodirbek"
121,standard,2005,"Yakubboev, Nodirbek"
122,standard,2005,"Yakubboev, Nodirbek"
123,standard,1987,"Yakubboev, Nodirbek"
124,standard,1978,"Yakubboev, Nodirbek"
125,standard,1978,"Yakubboev, Nodirbek"
126,standard,2004,"Yakubboev, Nodirbek"
127,standard,2004,"Yakubboev, Nodirbek"
128,standard,2056,"Yakubboev, Nodirbek"
129,standard,2056,"Yakubboev, Nodirbek"
130,standard,2036,"Yakubboev, Nodirbek"
131,standard,2036,"Yakubboev, Nodirbek"
132,standard,2062,"Yakubboev, Nodirbek"
133,standard,2062,"Yakubboev, Nodirbek"
134,standard,2062,"Yakubboev, Nodirbek"
135,standard,2062,"Yakubboev, Nodirbek"
136,standard,2075,"Yakubboev, Nodirbek"
137,standard,2075,"Yakubboev, Nodirbek"
138,standard,2131,"Yakubboev, Nodirbek"
139,standard,2132,"Yakubboev, Nodirbek"
140,standard,2132,"Yakubboev, Nodirbek"
141,standard,2217,"Yakubboev, Nodirbek"
142,standard,2207,"Yakubboev, Nodirbek"
143,standard,2207,"Yakubboev, Nodirbek"
144,standard,2207,"Yakubboev, Nodirbek"
145,standard,2193,"Yakubboev, Nodirbek"
146,standard,2193,"Yakubboev, Nodirbek"
147,standard,2144,"Yakubboev, Nodirbek"
148,standard,2274,"Yakubboev, Nodirbek"
149,standard,2274,"Yakubboev, Nodirbek"
150,standard,2274,"Yakubboev, Nodirbek"
151,standard,2273,"Yakubboev, Nodirbek"
152,standard,2273,"Yakubboev, Nodirbek"
153,standard,2296,"Yakubboev, Nodirbek"
154,standard,2296,"Yakubboev, Nodirbek"
155,standard,2296,"Yakubboev, Nodirbek"
156,standard,2342,"Yakubboev, Nodirbek"
157,standard,2342,"Yakubboev, Nodirbek"
158,standard,2333,"Yakubboev, Nodirbek"
159,standard,2333,"Yakubboev, Nodirbek"
160,standard,2349,"Yakubboev, Nodirbek"
161,standard,2349,"Yakubboev, Nodirbek"
162,standard,2375,"Yakubboev, Nodirbek"
163,standard,2417,"Yakubboev, Nodirbek"
164,standard,2422,"Yakubboev, Nodirbek"
165,standard,2422,"Yakubboev, Nodirbek"
166,standard,2431,"Yakubboev, Nodirbek"
167,standard,2431,"Yakubboev, Nodirbek"
168,standard,2431,"Yakubboev, Nodirbek"
169,standard,2435,"Yakubboev, Nodirbek"
170,standard,2432,"Yakubboev, Nodirbek"
171,standard,2432,"Yakubboev, Nodirbek"
172,standard,2427,"Yakubboev, Nodirbek"
173,standard,2427,"Yakubboev, Nodirbek"
174,standard,2427,"Yakubboev, Nodirbek"
175,standard,2427,"Yakubboev, Nodirbek"
176,standard,2440,"Yakubboev, Nodirbek"
177,standard,2437,"Yakubboev, Nodirbek"
178,standard,2433,"Yakubboev, Nodirbek"
179,standard,2433,"Yakubboev, Nodirbek"
180,standard,2437,"Yakubboev, Nodirbek"
181,standard,2437,"Yakubboev, Nodirbek"
182,standard,2437,"Yakubboev, Nodirbek"
183,standard,2448,"Yakubboev, Nodirbek"
184,standard,2462,"Yakubboev, Nodirbek"
185,standard,2462,"Yakubboev, Nodirbek"
186,standard,2462,"Yakubboev, Nodirbek"
187,standard,2482,"Yakubboev, Nodirbek"
188,standard,2493,"Yakubboev, Nodirbek"
189,standard,2512,"Yakubboev, Nodirbek"
190,standard,2512,"Yakubboev, Nodirbek"
191,standard,2512,"Yakubboev, Nodirbek"
192,standard,2521,"Yakubboev, Nodirbek"
193,standard,2522,"Yakubboev, Nodirbek"
194,standard,2549,"Yakubboev, Nodirbek"
195,standard,2556,"Yakubboev, Nodirbek"
196,standard,2569,"Yakubboev, Nodirbek"
197,standard,2569,"Yakubboev, Nodirbek"
198,standard,2569,"Yakubboev, Nodirbek"
199,standard,2577,"Yakubboev, Nodirbek"
200,standard,2600,"Yakubboev, Nodirbek"
201,standard,2587,"Yakubboev, Nodirbek"
202,standard,2575,"Yakubboev, Nodirbek"
203,standard,2574,"Yakubboev, Nodirbek"
204,standard,2598,"Yakubboev, Nodirbek"
205,standard,2598,"Yakubboev, Nodirbek"
206,standard,2603,"Yakubboev, Nodirbek"
207,standard,2592,"Yakubboev, Nodirbek"
208,standard,2597,"Yakubboev, Nodirbek"
209,standard,2591,"Yakubboev, Nodirbek"
210,standard,2591,"Yakubboev, Nodirbek"
211,standard,2591,"Yakubboev, Nodirbek"
212,standard,2591,"Yakubboev, Nodirbek"
213,standard,2591,"Yakubboev, Nodirbek"
214,standard,2591,"Yakubboev, Nodirbek"
215,standard,2591,"Yakubboev, Nodirbek"
216,standard,2591,"Yakubboev, Nodirbek"
217,standard,2605,"Yakubboev, Nodirbek"
218,standard,2605,"Yakubboev, Nodirbek"
219,standard,2605,"Yakubboev, Nodirbek"
220,standard,2605,"Yakubboev, Nodirbek"
221,standard,2605,"Yakubboev, Nodirbek"
222,standard,2605,"Yakubboev, Nodirbek"
223,standard,2605,"Yakubboev, Nodirbek"
224,standard,2605,"Yakubboev, Nodirbek"
225,standard,2598,"Yakubboev, Nodirbek"
226,standard,2598,"Yakubboev, Nodirbek"
227,standard,2598,"Yakubboev, Nodirbek"
228,standard,2604,"Yakubboev, Nodirbek"
229,standard,2621,"Yakubboev, Nodirbek"
230,standard,2621,"Yakubboev, Nodirbek"
231,standard,2630,"Yakubboev, Nodirbek"
232,standard,2630,"Yakubboev, Nodirbek"
233,standard,2630,"Yakubboev, Nodirbek"
234,standard,2630,"Yakubboev, Nodirbek"
235,standard,2630,"Yakubboev, Nodirbek"
236,standard,2630,"Yakubboev, Nodirbek"
237,standard,2630,"Yakubboev, Nodirbek"
238,standard,2620,"Yakubboev, Nodirbek"
239,standard,2620,"Yakubboev, Nodirbek"
240,standard,2656,"Yakubboev, Nodirbek"
241,standard,2663,"Yakubboev, Nodirbek"
